num_sensitive,bm_size,r,p_degree,KLD_value,KLD_exec_time,CAHD_exec_time
20,1000,4,4,0.0,30,20
20,1000,4,6,0.04906482961815489,28,64
20,1000,4,8,0.012581239888442668,28,83
20,1000,4,10,0.0,28,107
20,1000,4,12,0.0,28,133
20,1000,4,14,0.004474280394921107,28,164
20,1000,4,16,0.0,28,192
20,1000,4,18,0.0034782643763247925,32,216
20,1000,4,20,0.07262905887713487,28,244
