num_sensitive,bm_size,r,p_degree,KLD_value,KLD_exec_time,CAHD_exec_time
20,1000,4,4,0.0,30,19
20,1000,4,6,3.528136782330706,26,61
20,1000,4,8,0.08845158108702639,25,74
20,1000,4,10,2.4993281303505843,24,97
20,1000,4,12,0.0069686693160934355,24,119
20,1000,4,14,2.966782205892273,23,146
20,1000,4,16,1.824517247559685,22,170
20,1000,4,18,0.24355984144151493,21,188
20,1000,4,20,0.14271132372647446,20,209
