num_sensitive,bm_size,r,p_degree,KLD_value,KLD_exec_time,CAHD_exec_time
4,1000,4,10,0.006269613013595395,3.151427745819092,35.68934416770935
4,1000,4,10,0.12473099330689413,5.993004322052002,35.68934416770935
4,1000,4,10,0.0,8.859616756439209,35.68934416770935
4,1000,4,10,0.0,11.709526777267456,35.68934416770935
4,1000,4,10,0.0,14.412819862365723,35.68934416770935
