num_sensitive,bm_size,r,p_degree,KLD_value,KLD_exec_time,CAHD_exec_time
4,1000,4,20,0.003129893008927787,2.3288965225219727,92.42558240890503
4,1000,4,20,0.09915762248675897,4.650742292404175,92.42558240890503
4,1000,4,20,0.0,6.9667840003967285,92.42558240890503
4,1000,4,20,0.0,9.327515840530396,92.42558240890503
4,1000,4,20,0.0,11.667955875396729,92.42558240890503
